Insert into STUDENTEXCHANGE.UNIVERSITY (UNI_ID,UNI_NAME,UNI_IS_PARTNER,UNI_AGREEMENT,UNI_COUNTRY) values ('U001','Swinburne University of Technology','Yes','MoA','Australia');
Insert into STUDENTEXCHANGE.UNIVERSITY (UNI_ID,UNI_NAME,UNI_IS_PARTNER,UNI_AGREEMENT,UNI_COUNTRY) values ('U003','Ecole Polytechnique de Louvain (UCL)','Yes','MoA','Belgium');
Insert into STUDENTEXCHANGE.UNIVERSITY (UNI_ID,UNI_NAME,UNI_IS_PARTNER,UNI_AGREEMENT,UNI_COUNTRY) values ('U004','ICHEC Brussels Management School','No',null,'Belgium');
Insert into STUDENTEXCHANGE.UNIVERSITY (UNI_ID,UNI_NAME,UNI_IS_PARTNER,UNI_AGREEMENT,UNI_COUNTRY) values ('U005','York University','Yes','MoA','Canada');
Insert into STUDENTEXCHANGE.UNIVERSITY (UNI_ID,UNI_NAME,UNI_IS_PARTNER,UNI_AGREEMENT,UNI_COUNTRY) values ('U006','School of Law, City University of Hong Kong','No',null,'China');
Insert into STUDENTEXCHANGE.UNIVERSITY (UNI_ID,UNI_NAME,UNI_IS_PARTNER,UNI_AGREEMENT,UNI_COUNTRY) values ('U007','City University of Hong Kong','Yes','MoA','China');
Insert into STUDENTEXCHANGE.UNIVERSITY (UNI_ID,UNI_NAME,UNI_IS_PARTNER,UNI_AGREEMENT,UNI_COUNTRY) values ('U008','University of Rostock','No',null,'Germany');
Insert into STUDENTEXCHANGE.UNIVERSITY (UNI_ID,UNI_NAME,UNI_IS_PARTNER,UNI_AGREEMENT,UNI_COUNTRY) values ('U009','Teine Keijinkai Hospital','Yes','MoU','Japan');
Insert into STUDENTEXCHANGE.UNIVERSITY (UNI_ID,UNI_NAME,UNI_IS_PARTNER,UNI_AGREEMENT,UNI_COUNTRY) values ('U010','Chonnam National University','Yes','MoA','Korea, South');
Insert into STUDENTEXCHANGE.UNIVERSITY (UNI_ID,UNI_NAME,UNI_IS_PARTNER,UNI_AGREEMENT,UNI_COUNTRY) values ('U011','Chung-Ang University','No',null,'Korea, South');
Insert into STUDENTEXCHANGE.UNIVERSITY (UNI_ID,UNI_NAME,UNI_IS_PARTNER,UNI_AGREEMENT,UNI_COUNTRY) values ('U012','National University of Singapore','Yes','MoA','Singapore');
Insert into STUDENTEXCHANGE.UNIVERSITY (UNI_ID,UNI_NAME,UNI_IS_PARTNER,UNI_AGREEMENT,UNI_COUNTRY) values ('U013','Singhealth Polyclinics','No',null,'Singapore');
Insert into STUDENTEXCHANGE.UNIVERSITY (UNI_ID,UNI_NAME,UNI_IS_PARTNER,UNI_AGREEMENT,UNI_COUNTRY) values ('U002','Bond University','No',null,'Australia');
Insert into STUDENTEXCHANGE.UNIVERSITY (UNI_ID,UNI_NAME,UNI_IS_PARTNER,UNI_AGREEMENT,UNI_COUNTRY) values ('U014','Brunel University London','Yes','MoU','United Kingdom');
Insert into STUDENTEXCHANGE.UNIVERSITY (UNI_ID,UNI_NAME,UNI_IS_PARTNER,UNI_AGREEMENT,UNI_COUNTRY) values ('U015','Micron Technology Foundation','Yes','MoA','USA');


Insert into STUDENTEXCHANGE.STAFF (STAFF_ID,STAFF_NAME,STAFF_EMAIL,STAFF_CONTACT_NUMBER,STAFF_JOB) values ('S001','Kyle','kyle@gmail.com','012-2795304','assistant registrar');
Insert into STUDENTEXCHANGE.STAFF (STAFF_ID,STAFF_NAME,STAFF_EMAIL,STAFF_CONTACT_NUMBER,STAFF_JOB) values ('S002','Oscar','oscar@gmail.com','012-2795305','assistant registrar');
Insert into STUDENTEXCHANGE.STAFF (STAFF_ID,STAFF_NAME,STAFF_EMAIL,STAFF_CONTACT_NUMBER,STAFF_JOB) values ('S003','Warren','warren@gmail.com','012-2795306','assistant registrar');
Insert into STUDENTEXCHANGE.STAFF (STAFF_ID,STAFF_NAME,STAFF_EMAIL,STAFF_CONTACT_NUMBER,STAFF_JOB) values ('S004','Leo','leo@gmail.com','012-2795307','assistant registrar');
Insert into STUDENTEXCHANGE.STAFF (STAFF_ID,STAFF_NAME,STAFF_EMAIL,STAFF_CONTACT_NUMBER,STAFF_JOB) values ('S005','Mary','mary@gmail.com','012-2795308','administrative assistant');
Insert into STUDENTEXCHANGE.STAFF (STAFF_ID,STAFF_NAME,STAFF_EMAIL,STAFF_CONTACT_NUMBER,STAFF_JOB) values ('S006','Lisa','lisa@gmail.com','012-2795309','administrative assistant');
Insert into STUDENTEXCHANGE.STAFF (STAFF_ID,STAFF_NAME,STAFF_EMAIL,STAFF_CONTACT_NUMBER,STAFF_JOB) values ('S007','Emily','emily@gmail.com','012-2795310','administrative assistant');
Insert into STUDENTEXCHANGE.STAFF (STAFF_ID,STAFF_NAME,STAFF_EMAIL,STAFF_CONTACT_NUMBER,STAFF_JOB) values ('S008','Cindy','cindy@gmail.com','012-2795311','administrative assistant');
Insert into STUDENTEXCHANGE.STAFF (STAFF_ID,STAFF_NAME,STAFF_EMAIL,STAFF_CONTACT_NUMBER,STAFF_JOB) values ('S009','Ken','ken@gmail.com','012-2795312','operational assistant');


Insert into STUDENTEXCHANGE.UNI_COORD (COORD_ID,UNI_ID,COORD_NAME,COORD_EMAIL,COORD_CONTACT_NUMBER) values ('c001','U002','Allen','allen@gmail.com','016-1234567');
Insert into STUDENTEXCHANGE.UNI_COORD (COORD_ID,UNI_ID,COORD_NAME,COORD_EMAIL,COORD_CONTACT_NUMBER) values ('c002','U003','Alvin','alvin@gmail.com','32-12342323');
Insert into STUDENTEXCHANGE.UNI_COORD (COORD_ID,UNI_ID,COORD_NAME,COORD_EMAIL,COORD_CONTACT_NUMBER) values ('c003','U001','Amos','amos@gmail.com','012-222 2222');
Insert into STUDENTEXCHANGE.UNI_COORD (COORD_ID,UNI_ID,COORD_NAME,COORD_EMAIL,COORD_CONTACT_NUMBER) values ('c004','U005','Ben','ben@gmail.com','1123 555 789');
Insert into STUDENTEXCHANGE.UNI_COORD (COORD_ID,UNI_ID,COORD_NAME,COORD_EMAIL,COORD_CONTACT_NUMBER) values ('c005','U013','Benedict','benedict@gmail.com','65-6789 6789');
Insert into STUDENTEXCHANGE.UNI_COORD (COORD_ID,UNI_ID,COORD_NAME,COORD_EMAIL,COORD_CONTACT_NUMBER) values ('c006','U011','Benjamin','benjamin@gmail.com','82-123 4567 888');
Insert into STUDENTEXCHANGE.UNI_COORD (COORD_ID,UNI_ID,COORD_NAME,COORD_EMAIL,COORD_CONTACT_NUMBER) values ('c007','U015','Bennett','bennett@gmail.com','86-98765432100');
Insert into STUDENTEXCHANGE.UNI_COORD (COORD_ID,UNI_ID,COORD_NAME,COORD_EMAIL,COORD_CONTACT_NUMBER) values ('c008','U002','Jocelyn','jocelyn@gmail.com','016-7654321');
Insert into STUDENTEXCHANGE.UNI_COORD (COORD_ID,UNI_ID,COORD_NAME,COORD_EMAIL,COORD_CONTACT_NUMBER) values ('c009','U007','Jodie','jodie@gmail.com','81-54321123');
Insert into STUDENTEXCHANGE.UNI_COORD (COORD_ID,UNI_ID,COORD_NAME,COORD_EMAIL,COORD_CONTACT_NUMBER) values ('c010','U003','Josephine','josephine@gmail.com','32-56787878');
Insert into STUDENTEXCHANGE.UNI_COORD (COORD_ID,UNI_ID,COORD_NAME,COORD_EMAIL,COORD_CONTACT_NUMBER) values ('c011','U014','Haley','haley@gmail.com','44-7911 123456');
Insert into STUDENTEXCHANGE.UNI_COORD (COORD_ID,UNI_ID,COORD_NAME,COORD_EMAIL,COORD_CONTACT_NUMBER) values ('c012','U012','Ian','ian@gmail.com','65-1234 1234');
Insert into STUDENTEXCHANGE.UNI_COORD (COORD_ID,UNI_ID,COORD_NAME,COORD_EMAIL,COORD_CONTACT_NUMBER) values ('c013','U004','Jared','jared@gmail.com','32-1234 78 78');
Insert into STUDENTEXCHANGE.UNI_COORD (COORD_ID,UNI_ID,COORD_NAME,COORD_EMAIL,COORD_CONTACT_NUMBER) values ('c014','U004','Jason','jason@gmail.com','32-56781212');
Insert into STUDENTEXCHANGE.UNI_COORD (COORD_ID,UNI_ID,COORD_NAME,COORD_EMAIL,COORD_CONTACT_NUMBER) values ('c015','U001','Leo','leo@gmail.com','016-1234565252');
Insert into STUDENTEXCHANGE.UNI_COORD (COORD_ID,UNI_ID,COORD_NAME,COORD_EMAIL,COORD_CONTACT_NUMBER) values ('c016','U010','Shirley','shirley@gmail.com','82-123 4567 890');
Insert into STUDENTEXCHANGE.UNI_COORD (COORD_ID,UNI_ID,COORD_NAME,COORD_EMAIL,COORD_CONTACT_NUMBER) values ('c017','U009','Brian','brian@gmail.com','05-5888 8888');
Insert into STUDENTEXCHANGE.UNI_COORD (COORD_ID,UNI_ID,COORD_NAME,COORD_EMAIL,COORD_CONTACT_NUMBER) values ('c018','U006','John','john@gmail.com','86-12345678911');
Insert into STUDENTEXCHANGE.UNI_COORD (COORD_ID,UNI_ID,COORD_NAME,COORD_EMAIL,COORD_CONTACT_NUMBER) values ('c019','U008','Peter','peter@gmail.com','49-55555555');
Insert into STUDENTEXCHANGE.UNI_COORD (COORD_ID,UNI_ID,COORD_NAME,COORD_EMAIL,COORD_CONTACT_NUMBER) values ('c020','U005','Kelly','kelly@gmail.com','1-306 639 728');


Insert into STUDENTEXCHANGE.FEE (FEE_CODE,ADMIN_FEE,TUITION_FEE) values ('F001','4200.00','1260.00');
Insert into STUDENTEXCHANGE.FEE (FEE_CODE,ADMIN_FEE,TUITION_FEE) values ('F002','4200.00','1260.00');
Insert into STUDENTEXCHANGE.FEE (FEE_CODE,ADMIN_FEE,TUITION_FEE) values ('F003','4200.00','1260.00');
Insert into STUDENTEXCHANGE.FEE (FEE_CODE,ADMIN_FEE,TUITION_FEE) values ('F004','4200.00','1260.00');
Insert into STUDENTEXCHANGE.FEE (FEE_CODE,ADMIN_FEE,TUITION_FEE) values ('F005','4200.00','1260.00');
Insert into STUDENTEXCHANGE.FEE (FEE_CODE,ADMIN_FEE,TUITION_FEE) values ('F006','1260.00','1260.00');
Insert into STUDENTEXCHANGE.FEE (FEE_CODE,ADMIN_FEE,TUITION_FEE) values ('F007','1260.00','1260.00');
Insert into STUDENTEXCHANGE.FEE (FEE_CODE,ADMIN_FEE,TUITION_FEE) values ('F008','1260.00','1260.00');
Insert into STUDENTEXCHANGE.FEE (FEE_CODE,ADMIN_FEE,TUITION_FEE) values ('F009','1260.00','1260.00');
Insert into STUDENTEXCHANGE.FEE (FEE_CODE,ADMIN_FEE,TUITION_FEE) values ('F010','1260.00','1260.00');
Insert into STUDENTEXCHANGE.FEE (FEE_CODE,ADMIN_FEE,TUITION_FEE) values ('F011','400.00','600.00');
Insert into STUDENTEXCHANGE.FEE (FEE_CODE,ADMIN_FEE,TUITION_FEE) values ('F012','400.00','600.00');
Insert into STUDENTEXCHANGE.FEE (FEE_CODE,ADMIN_FEE,TUITION_FEE) values ('F013','400.00','600.00');
Insert into STUDENTEXCHANGE.FEE (FEE_CODE,ADMIN_FEE,TUITION_FEE) values ('F014','400.00','600.00');
Insert into STUDENTEXCHANGE.FEE (FEE_CODE,ADMIN_FEE,TUITION_FEE) values ('F015','400.00','600.00');
Insert into STUDENTEXCHANGE.FEE (FEE_CODE,ADMIN_FEE,TUITION_FEE) values ('F016','400.00','600.00');
Insert into STUDENTEXCHANGE.FEE (FEE_CODE,ADMIN_FEE,TUITION_FEE) values ('F017','400.00','600.00');
Insert into STUDENTEXCHANGE.FEE (FEE_CODE,ADMIN_FEE,TUITION_FEE) values ('F018','400.00','600.00');
Insert into STUDENTEXCHANGE.FEE (FEE_CODE,ADMIN_FEE,TUITION_FEE) values ('F019','400.00','600.00');
Insert into STUDENTEXCHANGE.FEE (FEE_CODE,ADMIN_FEE,TUITION_FEE) values ('F020','400.00','600.00');




Insert into STUDENTEXCHANGE.INBOUND_PROGRAM (INPROG_ID,INPROG_TYPE,INPROG_DURATION,INPROG_STARTDATE,FEE_CODE) values ('IP001','long_term','8',DATE '2021-11-01','F001');
Insert into STUDENTEXCHANGE.INBOUND_PROGRAM (INPROG_ID,INPROG_TYPE,INPROG_DURATION,INPROG_STARTDATE,FEE_CODE) values ('IP002','long_term','8',DATE '2021-11-01','F002');
Insert into STUDENTEXCHANGE.INBOUND_PROGRAM (INPROG_ID,INPROG_TYPE,INPROG_DURATION,INPROG_STARTDATE,FEE_CODE) values ('IP003','long_term','8',DATE '2021-11-01','F003');
Insert into STUDENTEXCHANGE.INBOUND_PROGRAM (INPROG_ID,INPROG_TYPE,INPROG_DURATION,INPROG_STARTDATE,FEE_CODE) values ('IP004','long_term','8',DATE '2021-11-01','F004');
Insert into STUDENTEXCHANGE.INBOUND_PROGRAM (INPROG_ID,INPROG_TYPE,INPROG_DURATION,INPROG_STARTDATE,FEE_CODE) values ('IP005','long_term','8',DATE '2021-11-01','F005');
Insert into STUDENTEXCHANGE.INBOUND_PROGRAM (INPROG_ID,INPROG_TYPE,INPROG_DURATION,INPROG_STARTDATE,FEE_CODE) values ('IP006','long_term','8',DATE '2021-11-01','F006');
Insert into STUDENTEXCHANGE.INBOUND_PROGRAM (INPROG_ID,INPROG_TYPE,INPROG_DURATION,INPROG_STARTDATE,FEE_CODE) values ('IP007','long_term','8',DATE '2021-11-01','F007');
Insert into STUDENTEXCHANGE.INBOUND_PROGRAM (INPROG_ID,INPROG_TYPE,INPROG_DURATION,INPROG_STARTDATE,FEE_CODE) values ('IP008','long_term','8',DATE '2021-11-01','F008');
Insert into STUDENTEXCHANGE.INBOUND_PROGRAM (INPROG_ID,INPROG_TYPE,INPROG_DURATION,INPROG_STARTDATE,FEE_CODE) values ('IP009','long_term','8',DATE '2021-11-01','F009');
Insert into STUDENTEXCHANGE.INBOUND_PROGRAM (INPROG_ID,INPROG_TYPE,INPROG_DURATION,INPROG_STARTDATE,FEE_CODE) values ('IP010','long_term','8',DATE '2021-11-01','F010');
Insert into STUDENTEXCHANGE.INBOUND_PROGRAM (INPROG_ID,INPROG_TYPE,INPROG_DURATION,INPROG_STARTDATE,FEE_CODE) values ('IP011','short_term','3',DATE '2021-11-02','F011');
Insert into STUDENTEXCHANGE.INBOUND_PROGRAM (INPROG_ID,INPROG_TYPE,INPROG_DURATION,INPROG_STARTDATE,FEE_CODE) values ('IP012','short_term','3',DATE '2021-11-02','F012');
Insert into STUDENTEXCHANGE.INBOUND_PROGRAM (INPROG_ID,INPROG_TYPE,INPROG_DURATION,INPROG_STARTDATE,FEE_CODE) values ('IP013','short_term','3',DATE '2021-11-02','F013');
Insert into STUDENTEXCHANGE.INBOUND_PROGRAM (INPROG_ID,INPROG_TYPE,INPROG_DURATION,INPROG_STARTDATE,FEE_CODE) values ('IP014','short_term','3',DATE '2021-11-02','F014');
Insert into STUDENTEXCHANGE.INBOUND_PROGRAM (INPROG_ID,INPROG_TYPE,INPROG_DURATION,INPROG_STARTDATE,FEE_CODE) values ('IP015','short_term','3',DATE '2021-11-02','F015');
Insert into STUDENTEXCHANGE.INBOUND_PROGRAM (INPROG_ID,INPROG_TYPE,INPROG_DURATION,INPROG_STARTDATE,FEE_CODE) values ('IP016','short_term','3',DATE '2021-11-02','F016');
Insert into STUDENTEXCHANGE.INBOUND_PROGRAM (INPROG_ID,INPROG_TYPE,INPROG_DURATION,INPROG_STARTDATE,FEE_CODE) values ('IP017','short_term','3',DATE '2021-11-02','F017');
Insert into STUDENTEXCHANGE.INBOUND_PROGRAM (INPROG_ID,INPROG_TYPE,INPROG_DURATION,INPROG_STARTDATE,FEE_CODE) values ('IP018','short_term','3',DATE '2021-11-02','F018');
Insert into STUDENTEXCHANGE.INBOUND_PROGRAM (INPROG_ID,INPROG_TYPE,INPROG_DURATION,INPROG_STARTDATE,FEE_CODE) values ('IP019','short_term','3',DATE '2021-11-02','F019');
Insert into STUDENTEXCHANGE.INBOUND_PROGRAM (INPROG_ID,INPROG_TYPE,INPROG_DURATION,INPROG_STARTDATE,FEE_CODE) values ('IP020','short_term','3',DATE '2021-11-02','F020');






Insert into STUDENTEXCHANGE.FINANCIAL_AID (FIN_ORG,FIN_AID_AMOUNT) values ('AFS Malaysia','3000');
Insert into STUDENTEXCHANGE.FINANCIAL_AID (FIN_ORG,FIN_AID_AMOUNT) values ('Petronas','10000');
Insert into STUDENTEXCHANGE.FINANCIAL_AID (FIN_ORG,FIN_AID_AMOUNT) values ('Shell','4000');
Insert into STUDENTEXCHANGE.FINANCIAL_AID (FIN_ORG,FIN_AID_AMOUNT) values ('Sime Darby','5000');
Insert into STUDENTEXCHANGE.FINANCIAL_AID (FIN_ORG,FIN_AID_AMOUNT) values ('Tenaga Nasional Berhad','800');


Insert into STUDENTEXCHANGE.FACULTY (FAC_CODE,FAC_NAME) values ('FA','Faculty of Arat and Social Science');
Insert into STUDENTEXCHANGE.FACULTY (FAC_CODE,FAC_NAME) values ('FB','Faculty of Business');
Insert into STUDENTEXCHANGE.FACULTY (FAC_CODE,FAC_NAME) values ('FC','Faculty of Computer Science and Information Technology');
Insert into STUDENTEXCHANGE.FACULTY (FAC_CODE,FAC_NAME) values ('FL','Faculty of Law');
Insert into STUDENTEXCHANGE.FACULTY (FAC_CODE,FAC_NAME) values ('FM','Faculty of Medicine');
Insert into STUDENTEXCHANGE.FACULTY (FAC_CODE,FAC_NAME) values ('FS','Faculty of Science');


Insert into STUDENTEXCHANGE.MODULE (MODULE_CODE,MODULE_NAME,CREDIT_HOUR,FAC_CODE) values ('FA001','Philosophy','3','FA');
Insert into STUDENTEXCHANGE.MODULE (MODULE_CODE,MODULE_NAME,CREDIT_HOUR,FAC_CODE) values ('FA002','Human History','3','FA');
Insert into STUDENTEXCHANGE.MODULE (MODULE_CODE,MODULE_NAME,CREDIT_HOUR,FAC_CODE) values ('FB001','Basic Accounting','5','FB');
Insert into STUDENTEXCHANGE.MODULE (MODULE_CODE,MODULE_NAME,CREDIT_HOUR,FAC_CODE) values ('FB002','Business Modellng','2','FB');
Insert into STUDENTEXCHANGE.MODULE (MODULE_CODE,MODULE_NAME,CREDIT_HOUR,FAC_CODE) values ('FC001','Programming','5','FC');
Insert into STUDENTEXCHANGE.MODULE (MODULE_CODE,MODULE_NAME,CREDIT_HOUR,FAC_CODE) values ('FC002','Networking','3','FC');
Insert into STUDENTEXCHANGE.MODULE (MODULE_CODE,MODULE_NAME,CREDIT_HOUR,FAC_CODE) values ('FL001','History of Law','4','FL');
Insert into STUDENTEXCHANGE.MODULE (MODULE_CODE,MODULE_NAME,CREDIT_HOUR,FAC_CODE) values ('FL002','Business Law','6','FL');
Insert into STUDENTEXCHANGE.MODULE (MODULE_CODE,MODULE_NAME,CREDIT_HOUR,FAC_CODE) values ('FM001','Anatomy','5','FM');
Insert into STUDENTEXCHANGE.MODULE (MODULE_CODE,MODULE_NAME,CREDIT_HOUR,FAC_CODE) values ('FM002','Physiology','6','FM');
Insert into STUDENTEXCHANGE.MODULE (MODULE_CODE,MODULE_NAME,CREDIT_HOUR,FAC_CODE) values ('FS001','Physic','3','FS');
Insert into STUDENTEXCHANGE.MODULE (MODULE_CODE,MODULE_NAME,CREDIT_HOUR,FAC_CODE) values ('FS002','Mathematic','5','FS');


Insert into STUDENTEXCHANGE.OUTBOUND_PROGRAM (OUTPROG_ID,OUTPROG_TYPE,OUTPROG_DURATION,OUTPROG_STARTDATE,UNI_ID) values ('OP001','long_term','6', DATE '2021-8-11','U001');
Insert into STUDENTEXCHANGE.OUTBOUND_PROGRAM (OUTPROG_ID,OUTPROG_TYPE,OUTPROG_DURATION,OUTPROG_STARTDATE,UNI_ID) values ('OP002','short_term','3', DATE '2021-8-11','U001');
Insert into STUDENTEXCHANGE.OUTBOUND_PROGRAM (OUTPROG_ID,OUTPROG_TYPE,OUTPROG_DURATION,OUTPROG_STARTDATE,UNI_ID) values ('OP003','long_term','6', DATE '2021-8-15','U002');
Insert into STUDENTEXCHANGE.OUTBOUND_PROGRAM (OUTPROG_ID,OUTPROG_TYPE,OUTPROG_DURATION,OUTPROG_STARTDATE,UNI_ID) values ('OP004','short_term','3', DATE '2021-8-15','U002');
Insert into STUDENTEXCHANGE.OUTBOUND_PROGRAM (OUTPROG_ID,OUTPROG_TYPE,OUTPROG_DURATION,OUTPROG_STARTDATE,UNI_ID) values ('OP005','long_term','6', DATE '2021-8-11','U003');
Insert into STUDENTEXCHANGE.OUTBOUND_PROGRAM (OUTPROG_ID,OUTPROG_TYPE,OUTPROG_DURATION,OUTPROG_STARTDATE,UNI_ID) values ('OP006','short_term','3', DATE '2021-8-11','U003');
Insert into STUDENTEXCHANGE.OUTBOUND_PROGRAM (OUTPROG_ID,OUTPROG_TYPE,OUTPROG_DURATION,OUTPROG_STARTDATE,UNI_ID) values ('OP007','long_term','6', DATE '2021-8-13','U004');
Insert into STUDENTEXCHANGE.OUTBOUND_PROGRAM (OUTPROG_ID,OUTPROG_TYPE,OUTPROG_DURATION,OUTPROG_STARTDATE,UNI_ID) values ('OP008','short_term','3', DATE '2021-8-13','U004');
Insert into STUDENTEXCHANGE.OUTBOUND_PROGRAM (OUTPROG_ID,OUTPROG_TYPE,OUTPROG_DURATION,OUTPROG_STARTDATE,UNI_ID) values ('OP009','long_term','6', DATE '2021-8-15','U005');
Insert into STUDENTEXCHANGE.OUTBOUND_PROGRAM (OUTPROG_ID,OUTPROG_TYPE,OUTPROG_DURATION,OUTPROG_STARTDATE,UNI_ID) values ('OP010','short_term','3', DATE '2021-8-15','U005');
Insert into STUDENTEXCHANGE.OUTBOUND_PROGRAM (OUTPROG_ID,OUTPROG_TYPE,OUTPROG_DURATION,OUTPROG_STARTDATE,UNI_ID) values ('OP011','long_term','6', DATE '2021-8-15','U006');
Insert into STUDENTEXCHANGE.OUTBOUND_PROGRAM (OUTPROG_ID,OUTPROG_TYPE,OUTPROG_DURATION,OUTPROG_STARTDATE,UNI_ID) values ('OP012','short_term','3', DATE '2021-8-15','U006');
Insert into STUDENTEXCHANGE.OUTBOUND_PROGRAM (OUTPROG_ID,OUTPROG_TYPE,OUTPROG_DURATION,OUTPROG_STARTDATE,UNI_ID) values ('OP013','long_term','6', DATE '2021-8-13','U007');
Insert into STUDENTEXCHANGE.OUTBOUND_PROGRAM (OUTPROG_ID,OUTPROG_TYPE,OUTPROG_DURATION,OUTPROG_STARTDATE,UNI_ID) values ('OP014','short_term','3', DATE '2021-8-13','U007');
Insert into STUDENTEXCHANGE.OUTBOUND_PROGRAM (OUTPROG_ID,OUTPROG_TYPE,OUTPROG_DURATION,OUTPROG_STARTDATE,UNI_ID) values ('OP015','long_term','6', DATE '2021-8-11','U008');
Insert into STUDENTEXCHANGE.OUTBOUND_PROGRAM (OUTPROG_ID,OUTPROG_TYPE,OUTPROG_DURATION,OUTPROG_STARTDATE,UNI_ID) values ('OP016','short_term','3', DATE '2021-8-11','U008');
Insert into STUDENTEXCHANGE.OUTBOUND_PROGRAM (OUTPROG_ID,OUTPROG_TYPE,OUTPROG_DURATION,OUTPROG_STARTDATE,UNI_ID) values ('OP017','long_term','6', DATE '2021-8-13','U009');
Insert into STUDENTEXCHANGE.OUTBOUND_PROGRAM (OUTPROG_ID,OUTPROG_TYPE,OUTPROG_DURATION,OUTPROG_STARTDATE,UNI_ID) values ('OP018','short_term','3', DATE '2021-8-13','U009');
Insert into STUDENTEXCHANGE.OUTBOUND_PROGRAM (OUTPROG_ID,OUTPROG_TYPE,OUTPROG_DURATION,OUTPROG_STARTDATE,UNI_ID) values ('OP019','long_term','6', DATE '2021-8-15','U010');
Insert into STUDENTEXCHANGE.OUTBOUND_PROGRAM (OUTPROG_ID,OUTPROG_TYPE,OUTPROG_DURATION,OUTPROG_STARTDATE,UNI_ID) values ('OP020','short_term','3', DATE '2021-8-15','U010');
Insert into STUDENTEXCHANGE.OUTBOUND_PROGRAM (OUTPROG_ID,OUTPROG_TYPE,OUTPROG_DURATION,OUTPROG_STARTDATE,UNI_ID) values ('OP021','long_term','6', DATE '2021-8-15','U011');
Insert into STUDENTEXCHANGE.OUTBOUND_PROGRAM (OUTPROG_ID,OUTPROG_TYPE,OUTPROG_DURATION,OUTPROG_STARTDATE,UNI_ID) values ('OP022','short_term','3', DATE '2021-8-15','U011');
Insert into STUDENTEXCHANGE.OUTBOUND_PROGRAM (OUTPROG_ID,OUTPROG_TYPE,OUTPROG_DURATION,OUTPROG_STARTDATE,UNI_ID) values ('OP023','long_term','6', DATE '2021-8-13','U012');
Insert into STUDENTEXCHANGE.OUTBOUND_PROGRAM (OUTPROG_ID,OUTPROG_TYPE,OUTPROG_DURATION,OUTPROG_STARTDATE,UNI_ID) values ('OP024','short_term','3', DATE '2021-8-13','U012');
Insert into STUDENTEXCHANGE.OUTBOUND_PROGRAM (OUTPROG_ID,OUTPROG_TYPE,OUTPROG_DURATION,OUTPROG_STARTDATE,UNI_ID) values ('OP025','long_term','6', DATE '2021-8-11','U013');
Insert into STUDENTEXCHANGE.OUTBOUND_PROGRAM (OUTPROG_ID,OUTPROG_TYPE,OUTPROG_DURATION,OUTPROG_STARTDATE,UNI_ID) values ('OP026','short_term','3', DATE '2021-8-11','U013');
Insert into STUDENTEXCHANGE.OUTBOUND_PROGRAM (OUTPROG_ID,OUTPROG_TYPE,OUTPROG_DURATION,OUTPROG_STARTDATE,UNI_ID) values ('OP027','long_term','6', DATE '2021-8-11','U014');
Insert into STUDENTEXCHANGE.OUTBOUND_PROGRAM (OUTPROG_ID,OUTPROG_TYPE,OUTPROG_DURATION,OUTPROG_STARTDATE,UNI_ID) values ('OP028','short_term','3', DATE '2021-8-11','U014');
Insert into STUDENTEXCHANGE.OUTBOUND_PROGRAM (OUTPROG_ID,OUTPROG_TYPE,OUTPROG_DURATION,OUTPROG_STARTDATE,UNI_ID) values ('OP029','long_term','6', DATE '2021-8-13','U015');
Insert into STUDENTEXCHANGE.OUTBOUND_PROGRAM (OUTPROG_ID,OUTPROG_TYPE,OUTPROG_DURATION,OUTPROG_STARTDATE,UNI_ID) values ('OP030','short_term','3', DATE '2021-8-13','U015');


Insert into STUDENTEXCHANGE.OUTBOUND_STUDENT (OUTSTU_ID,OUTSTU_NAME,OUTSTU_GENDER,OUTSTU_LEVEL_OF_STUDY,OUTSTU_EMAIL,OUTPROG_ID,STAFF_ID,FIN_ORG) values ('OS001','Ahmad Ali','Male','1','ali@gmail.com','OP001','S001','Shell');
Insert into STUDENTEXCHANGE.OUTBOUND_STUDENT (OUTSTU_ID,OUTSTU_NAME,OUTSTU_GENDER,OUTSTU_LEVEL_OF_STUDY,OUTSTU_EMAIL,OUTPROG_ID,STAFF_ID,FIN_ORG) values ('OS002','Anderson Ooi','Male','3','anderson911@gmail.com','OP002','S002','Tenaga Nasional Berhad');
Insert into STUDENTEXCHANGE.OUTBOUND_STUDENT (OUTSTU_ID,OUTSTU_NAME,OUTSTU_GENDER,OUTSTU_LEVEL_OF_STUDY,OUTSTU_EMAIL,OUTPROG_ID,STAFF_ID,FIN_ORG) values ('OS003','Arron Woo','Male','2','woo@89@gamail.com','OP003','S003',null);
Insert into STUDENTEXCHANGE.OUTBOUND_STUDENT (OUTSTU_ID,OUTSTU_NAME,OUTSTU_GENDER,OUTSTU_LEVEL_OF_STUDY,OUTSTU_EMAIL,OUTPROG_ID,STAFF_ID,FIN_ORG) values ('OS004','Charles Goh','Male','2','charles1234@yahoo.com','OP004','S004','Tenaga Nasional Berhad');
Insert into STUDENTEXCHANGE.OUTBOUND_STUDENT (OUTSTU_ID,OUTSTU_NAME,OUTSTU_GENDER,OUTSTU_LEVEL_OF_STUDY,OUTSTU_EMAIL,OUTPROG_ID,STAFF_ID,FIN_ORG) values ('OS005','Chris Tan','Female','3','tan@gmail.com','OP005','S005','AFS Malaysia');
Insert into STUDENTEXCHANGE.OUTBOUND_STUDENT (OUTSTU_ID,OUTSTU_NAME,OUTSTU_GENDER,OUTSTU_LEVEL_OF_STUDY,OUTSTU_EMAIL,OUTPROG_ID,STAFF_ID,FIN_ORG) values ('OS006','Jason Chong','Male','1','JC@gmail.com','OP006','S006','Tenaga Nasional Berhad');
Insert into STUDENTEXCHANGE.OUTBOUND_STUDENT (OUTSTU_ID,OUTSTU_NAME,OUTSTU_GENDER,OUTSTU_LEVEL_OF_STUDY,OUTSTU_EMAIL,OUTPROG_ID,STAFF_ID,FIN_ORG) values ('OS007','Jean Liew','Female','1','jean@gmail.com','OP007','S007','Petronas');
Insert into STUDENTEXCHANGE.OUTBOUND_STUDENT (OUTSTU_ID,OUTSTU_NAME,OUTSTU_GENDER,OUTSTU_LEVEL_OF_STUDY,OUTSTU_EMAIL,OUTPROG_ID,STAFF_ID,FIN_ORG) values ('OS008','Jenny Tan','Female','3','JennyTan3456@gmail.com','OP008','S008','Shell');
Insert into STUDENTEXCHANGE.OUTBOUND_STUDENT (OUTSTU_ID,OUTSTU_NAME,OUTSTU_GENDER,OUTSTU_LEVEL_OF_STUDY,OUTSTU_EMAIL,OUTPROG_ID,STAFF_ID,FIN_ORG) values ('OS009','John Wick','Male','2','JWick@gmail.com','OP009','S009',null);
Insert into STUDENTEXCHANGE.OUTBOUND_STUDENT (OUTSTU_ID,OUTSTU_NAME,OUTSTU_GENDER,OUTSTU_LEVEL_OF_STUDY,OUTSTU_EMAIL,OUTPROG_ID,STAFF_ID,FIN_ORG) values ('OS010','Kelly Low','Female','3','KLow@gmail.com','OP010','S001','Shell');
Insert into STUDENTEXCHANGE.OUTBOUND_STUDENT (OUTSTU_ID,OUTSTU_NAME,OUTSTU_GENDER,OUTSTU_LEVEL_OF_STUDY,OUTSTU_EMAIL,OUTPROG_ID,STAFF_ID,FIN_ORG) values ('OS011','Mary Jane','Female','2','MJ28@gmail.com','OP011','S002','Sime Darby');
Insert into STUDENTEXCHANGE.OUTBOUND_STUDENT (OUTSTU_ID,OUTSTU_NAME,OUTSTU_GENDER,OUTSTU_LEVEL_OF_STUDY,OUTSTU_EMAIL,OUTPROG_ID,STAFF_ID,FIN_ORG) values ('OS012','Mitchel White','Female','1','whit@gmail.com','OP012','S003','AFS Malaysia');
Insert into STUDENTEXCHANGE.OUTBOUND_STUDENT (OUTSTU_ID,OUTSTU_NAME,OUTSTU_GENDER,OUTSTU_LEVEL_OF_STUDY,OUTSTU_EMAIL,OUTPROG_ID,STAFF_ID,FIN_ORG) values ('OS013','Mohammad Amir','Male','3','amir@gmail.com','OP013','S004','Shell');
Insert into STUDENTEXCHANGE.OUTBOUND_STUDENT (OUTSTU_ID,OUTSTU_NAME,OUTSTU_GENDER,OUTSTU_LEVEL_OF_STUDY,OUTSTU_EMAIL,OUTPROG_ID,STAFF_ID,FIN_ORG) values ('OS014','Mugilan Raj','Male','2','Mugilan@gmail.com','OP014','S005','Sime Darby');
Insert into STUDENTEXCHANGE.OUTBOUND_STUDENT (OUTSTU_ID,OUTSTU_NAME,OUTSTU_GENDER,OUTSTU_LEVEL_OF_STUDY,OUTSTU_EMAIL,OUTPROG_ID,STAFF_ID,FIN_ORG) values ('OS015','Nur Najiha','Female','3','nn78@gmail.com','OP015','S006','Petronas');
Insert into STUDENTEXCHANGE.OUTBOUND_STUDENT (OUTSTU_ID,OUTSTU_NAME,OUTSTU_GENDER,OUTSTU_LEVEL_OF_STUDY,OUTSTU_EMAIL,OUTPROG_ID,STAFF_ID,FIN_ORG) values ('OS016','Rachel Lim','Female','1','rachel912@gmail.com','OP016','S007',null);
Insert into STUDENTEXCHANGE.OUTBOUND_STUDENT (OUTSTU_ID,OUTSTU_NAME,OUTSTU_GENDER,OUTSTU_LEVEL_OF_STUDY,OUTSTU_EMAIL,OUTPROG_ID,STAFF_ID,FIN_ORG) values ('OS017','Raja Varmen','Male','2','varmen67@gmail.com','OP017','S008','Shell');
Insert into STUDENTEXCHANGE.OUTBOUND_STUDENT (OUTSTU_ID,OUTSTU_NAME,OUTSTU_GENDER,OUTSTU_LEVEL_OF_STUDY,OUTSTU_EMAIL,OUTPROG_ID,STAFF_ID,FIN_ORG) values ('OS018','Siti Kahdijah','Female','2','sitiK43@gmail.com','OP018','S009','AFS Malaysia');
Insert into STUDENTEXCHANGE.OUTBOUND_STUDENT (OUTSTU_ID,OUTSTU_NAME,OUTSTU_GENDER,OUTSTU_LEVEL_OF_STUDY,OUTSTU_EMAIL,OUTPROG_ID,STAFF_ID,FIN_ORG) values ('OS019','Sri Devi','Female','3','sri_devi@gmail.com','OP019','S001',null);
Insert into STUDENTEXCHANGE.OUTBOUND_STUDENT (OUTSTU_ID,OUTSTU_NAME,OUTSTU_GENDER,OUTSTU_LEVEL_OF_STUDY,OUTSTU_EMAIL,OUTPROG_ID,STAFF_ID,FIN_ORG) values ('OS020','Wallence Tan','Male','1','wallence789@gmail.com','OP020','S002','Shell');







Insert into STUDENTEXCHANGE.PAYMENT (PAYMENT_ID,PAYEMNT_METHOD,FEE_CODE,FIN_ORG) values ('P001','Financial Aid','F001','Tenaga Nasional Berhad');
Insert into STUDENTEXCHANGE.PAYMENT (PAYMENT_ID,PAYEMNT_METHOD,FEE_CODE,FIN_ORG) values ('P002','Financial Aid','F002','Shell');
Insert into STUDENTEXCHANGE.PAYMENT (PAYMENT_ID,PAYEMNT_METHOD,FEE_CODE,FIN_ORG) values ('P003','Credit/Debit Card','F003',null);
Insert into STUDENTEXCHANGE.PAYMENT (PAYMENT_ID,PAYEMNT_METHOD,FEE_CODE,FIN_ORG) values ('P004','Financial Aid','F004','Shell');
Insert into STUDENTEXCHANGE.PAYMENT (PAYMENT_ID,PAYEMNT_METHOD,FEE_CODE,FIN_ORG) values ('P005','Financial Aid','F005','Petronas');
Insert into STUDENTEXCHANGE.PAYMENT (PAYMENT_ID,PAYEMNT_METHOD,FEE_CODE,FIN_ORG) values ('P006','Financial Aid','F006','Shell');
Insert into STUDENTEXCHANGE.PAYMENT (PAYMENT_ID,PAYEMNT_METHOD,FEE_CODE,FIN_ORG) values ('P007','Financial Aid','F007','Sime Darby');
Insert into STUDENTEXCHANGE.PAYMENT (PAYMENT_ID,PAYEMNT_METHOD,FEE_CODE,FIN_ORG) values ('P008','Financial Aid','F008','Tenaga Nasional Berhad');
Insert into STUDENTEXCHANGE.PAYMENT (PAYMENT_ID,PAYEMNT_METHOD,FEE_CODE,FIN_ORG) values ('P009','Credit/Debit Card','F009',null);
Insert into STUDENTEXCHANGE.PAYMENT (PAYMENT_ID,PAYEMNT_METHOD,FEE_CODE,FIN_ORG) values ('P010','Financial Aid','F010','Tenaga Nasional Berhad');
Insert into STUDENTEXCHANGE.PAYMENT (PAYMENT_ID,PAYEMNT_METHOD,FEE_CODE,FIN_ORG) values ('P011','Financial Aid','F011','AFS Malaysia');
Insert into STUDENTEXCHANGE.PAYMENT (PAYMENT_ID,PAYEMNT_METHOD,FEE_CODE,FIN_ORG) values ('P012','Financial Aid','F012','Petronas');
Insert into STUDENTEXCHANGE.PAYMENT (PAYMENT_ID,PAYEMNT_METHOD,FEE_CODE,FIN_ORG) values ('P013','Financial Aid','F013','Tenaga Nasional Berhad');
Insert into STUDENTEXCHANGE.PAYMENT (PAYMENT_ID,PAYEMNT_METHOD,FEE_CODE,FIN_ORG) values ('P014','Financial Aid','F014','AFS Malaysia');
Insert into STUDENTEXCHANGE.PAYMENT (PAYMENT_ID,PAYEMNT_METHOD,FEE_CODE,FIN_ORG) values ('P015','Financial Aid','F015','Sime Darby');
Insert into STUDENTEXCHANGE.PAYMENT (PAYMENT_ID,PAYEMNT_METHOD,FEE_CODE,FIN_ORG) values ('P016','FPX','F016',null);
Insert into STUDENTEXCHANGE.PAYMENT (PAYMENT_ID,PAYEMNT_METHOD,FEE_CODE,FIN_ORG) values ('P017','Financial Aid','F017','Tenaga Nasional Berhad');
Insert into STUDENTEXCHANGE.PAYMENT (PAYMENT_ID,PAYEMNT_METHOD,FEE_CODE,FIN_ORG) values ('P018','Financial Aid','F018','Petronas');
Insert into STUDENTEXCHANGE.PAYMENT (PAYMENT_ID,PAYEMNT_METHOD,FEE_CODE,FIN_ORG) values ('P019','Credit/Debit Card','F019',null);
Insert into STUDENTEXCHANGE.PAYMENT (PAYMENT_ID,PAYEMNT_METHOD,FEE_CODE,FIN_ORG) values ('P020','Financial Aid','F020','Tenaga Nasional Berhad');


Insert into STUDENTEXCHANGE.INBOUND_STUDENT (INSTU_ID,INSTU_NAME,INSTU_GENDER,INSTU_LEVEL_OF_STUDY,INSTU_NATIONALITY,INSTU_EMAIL,INPROG_ID,UNI_ID,COORD_ID,PAYMENT_ID,FIN_ORG,STAFF_ID) values ('IS001','Alex Merce','Male','1','Australia','alexMERCE@gmail.com','IP001','U002','c001','P001','Tenaga Nasional Berhad','S001');
Insert into STUDENTEXCHANGE.INBOUND_STUDENT (INSTU_ID,INSTU_NAME,INSTU_GENDER,INSTU_LEVEL_OF_STUDY,INSTU_NATIONALITY,INSTU_EMAIL,INPROG_ID,UNI_ID,COORD_ID,PAYMENT_ID,FIN_ORG,STAFF_ID) values ('IS002','Bacon Bigg','Male','3','Belgium','bigg_bac@gmail.com','IP002','U003','c002','P002','Shell','S002');
Insert into STUDENTEXCHANGE.INBOUND_STUDENT (INSTU_ID,INSTU_NAME,INSTU_GENDER,INSTU_LEVEL_OF_STUDY,INSTU_NATIONALITY,INSTU_EMAIL,INPROG_ID,UNI_ID,COORD_ID,PAYMENT_ID,FIN_ORG,STAFF_ID) values ('IS003','Alicia Tanxin','Female','2','Australia','aliciatan@gmail.com','IP003','U001','c003','P003',null,'S003');
Insert into STUDENTEXCHANGE.INBOUND_STUDENT (INSTU_ID,INSTU_NAME,INSTU_GENDER,INSTU_LEVEL_OF_STUDY,INSTU_NATIONALITY,INSTU_EMAIL,INPROG_ID,UNI_ID,COORD_ID,PAYMENT_ID,FIN_ORG,STAFF_ID) values ('IS004','Benjamin Ten','Male','2','Canada','ben10@gmail.com','IP004','U005','c004','P004','Shell','S004');
Insert into STUDENTEXCHANGE.INBOUND_STUDENT (INSTU_ID,INSTU_NAME,INSTU_GENDER,INSTU_LEVEL_OF_STUDY,INSTU_NATIONALITY,INSTU_EMAIL,INPROG_ID,UNI_ID,COORD_ID,PAYMENT_ID,FIN_ORG,STAFF_ID) values ('IS005','Baskran Dass','Male','1','Singapore','dass_b@gmail.com','IP005','U013','c005','P005','Petronas','S005');
Insert into STUDENTEXCHANGE.INBOUND_STUDENT (INSTU_ID,INSTU_NAME,INSTU_GENDER,INSTU_LEVEL_OF_STUDY,INSTU_NATIONALITY,INSTU_EMAIL,INPROG_ID,UNI_ID,COORD_ID,PAYMENT_ID,FIN_ORG,STAFF_ID) values ('IS006','Cham-Xue Ern','Male','3','Korea, South','chamxe37@gmail.com','IP006','U011','c006','P006','Shell','S006');
Insert into STUDENTEXCHANGE.INBOUND_STUDENT (INSTU_ID,INSTU_NAME,INSTU_GENDER,INSTU_LEVEL_OF_STUDY,INSTU_NATIONALITY,INSTU_EMAIL,INPROG_ID,UNI_ID,COORD_ID,PAYMENT_ID,FIN_ORG,STAFF_ID) values ('IS007','Gwen Stacy','Female','2','USA','spidey_gf@gmail.com','IP007','U015','c007','P007','Sime Darby','S007');
Insert into STUDENTEXCHANGE.INBOUND_STUDENT (INSTU_ID,INSTU_NAME,INSTU_GENDER,INSTU_LEVEL_OF_STUDY,INSTU_NATIONALITY,INSTU_EMAIL,INPROG_ID,UNI_ID,COORD_ID,PAYMENT_ID,FIN_ORG,STAFF_ID) values ('IS008','Huang Ruixing','Female','3','Australia','huangrx0112@gmail.com','IP008','U002','c008','P008','Tenaga Nasional Berhad','S008');
Insert into STUDENTEXCHANGE.INBOUND_STUDENT (INSTU_ID,INSTU_NAME,INSTU_GENDER,INSTU_LEVEL_OF_STUDY,INSTU_NATIONALITY,INSTU_EMAIL,INPROG_ID,UNI_ID,COORD_ID,PAYMENT_ID,FIN_ORG,STAFF_ID) values ('IS009','Ooi K Sen','Male','1','China','oks123@gmail.com','IP009','U007','c009','P009',null,'S009');
Insert into STUDENTEXCHANGE.INBOUND_STUDENT (INSTU_ID,INSTU_NAME,INSTU_GENDER,INSTU_LEVEL_OF_STUDY,INSTU_NATIONALITY,INSTU_EMAIL,INPROG_ID,UNI_ID,COORD_ID,PAYMENT_ID,FIN_ORG,STAFF_ID) values ('IS010','Cindy Yehoo','Female','2','Belgium','cindy_yh@gmail.com','IP010','U003','c010','P010','Tenaga Nasional Berhad','S001');
Insert into STUDENTEXCHANGE.INBOUND_STUDENT (INSTU_ID,INSTU_NAME,INSTU_GENDER,INSTU_LEVEL_OF_STUDY,INSTU_NATIONALITY,INSTU_EMAIL,INPROG_ID,UNI_ID,COORD_ID,PAYMENT_ID,FIN_ORG,STAFF_ID) values ('IS011','Jason Borne','Female','3','United Kingdom','james_bond@gmail.com','IP011','U014','c011','P011','AFS Malaysia','S002');
Insert into STUDENTEXCHANGE.INBOUND_STUDENT (INSTU_ID,INSTU_NAME,INSTU_GENDER,INSTU_LEVEL_OF_STUDY,INSTU_NATIONALITY,INSTU_EMAIL,INPROG_ID,UNI_ID,COORD_ID,PAYMENT_ID,FIN_ORG,STAFF_ID) values ('IS012','Lee Xiaoyun','Female','2','Singapore','yun8701@gmail.com','IP012','U012','c012','P012','Petronas','S003');
Insert into STUDENTEXCHANGE.INBOUND_STUDENT (INSTU_ID,INSTU_NAME,INSTU_GENDER,INSTU_LEVEL_OF_STUDY,INSTU_NATIONALITY,INSTU_EMAIL,INPROG_ID,UNI_ID,COORD_ID,PAYMENT_ID,FIN_ORG,STAFF_ID) values ('IS013','Cinderalle Caine','Female','3','Belgium','cinderealla@gmail.com','IP013','U004','c013','P013','Tenaga Nasional Berhad','S004');
Insert into STUDENTEXCHANGE.INBOUND_STUDENT (INSTU_ID,INSTU_NAME,INSTU_GENDER,INSTU_LEVEL_OF_STUDY,INSTU_NATIONALITY,INSTU_EMAIL,INPROG_ID,UNI_ID,COORD_ID,PAYMENT_ID,FIN_ORG,STAFF_ID) values ('IS014','Ned Stark','Male','1','Belgium','spidey_bud@gmail.com','IP014','U004','c014','P014','AFS Malaysia','S005');
Insert into STUDENTEXCHANGE.INBOUND_STUDENT (INSTU_ID,INSTU_NAME,INSTU_GENDER,INSTU_LEVEL_OF_STUDY,INSTU_NATIONALITY,INSTU_EMAIL,INPROG_ID,UNI_ID,COORD_ID,PAYMENT_ID,FIN_ORG,STAFF_ID) values ('IS015','Peter Parker','Male','1','Australia','spidey@gmail.com','IP015','U001','c015','P015','Sime Darby','S006');
Insert into STUDENTEXCHANGE.INBOUND_STUDENT (INSTU_ID,INSTU_NAME,INSTU_GENDER,INSTU_LEVEL_OF_STUDY,INSTU_NATIONALITY,INSTU_EMAIL,INPROG_ID,UNI_ID,COORD_ID,PAYMENT_ID,FIN_ORG,STAFF_ID) values ('IS016','Meow-Bin Soo','Male','3','Korea, South','marcusmeow@gmail.com','IP016','U010','c016','P016',null,'S007');
Insert into STUDENTEXCHANGE.INBOUND_STUDENT (INSTU_ID,INSTU_NAME,INSTU_GENDER,INSTU_LEVEL_OF_STUDY,INSTU_NATIONALITY,INSTU_EMAIL,INPROG_ID,UNI_ID,COORD_ID,PAYMENT_ID,FIN_ORG,STAFF_ID) values ('IS017','Ren Minato','Male','2','Japan','minato_ren@gmail.com','IP017','U009','c017','P017','Tenaga Nasional Berhad','S008');
Insert into STUDENTEXCHANGE.INBOUND_STUDENT (INSTU_ID,INSTU_NAME,INSTU_GENDER,INSTU_LEVEL_OF_STUDY,INSTU_NATIONALITY,INSTU_EMAIL,INPROG_ID,UNI_ID,COORD_ID,PAYMENT_ID,FIN_ORG,STAFF_ID) values ('IS018','Wang Yixing','Female','2','China','yixingwang@gmail.com','IP018','U006','c018','P018','Petronas','S009');
Insert into STUDENTEXCHANGE.INBOUND_STUDENT (INSTU_ID,INSTU_NAME,INSTU_GENDER,INSTU_LEVEL_OF_STUDY,INSTU_NATIONALITY,INSTU_EMAIL,INPROG_ID,UNI_ID,COORD_ID,PAYMENT_ID,FIN_ORG,STAFF_ID) values ('IS019','Thinaran Muttah','Male','3','Germany','thinmutt@gmail.com','IP019','U008','c019','P019',null,'S001');
Insert into STUDENTEXCHANGE.INBOUND_STUDENT (INSTU_ID,INSTU_NAME,INSTU_GENDER,INSTU_LEVEL_OF_STUDY,INSTU_NATIONALITY,INSTU_EMAIL,INPROG_ID,UNI_ID,COORD_ID,PAYMENT_ID,FIN_ORG,STAFF_ID) values ('IS020','Yasmin Yeo','Female','1','Canada','yasmin_yeo02@gmail.com','IP020','U005','c020','P020','Tenaga Nasional Berhad','S002');


Insert into STUDENTEXCHANGE.ENROLL (MODULE_CODE,INSTU_ID,ENROLL_DATE,ENROLL_GRADE) values ('FA001','IS001',DATE '2021-10-05','A');
Insert into STUDENTEXCHANGE.ENROLL (MODULE_CODE,INSTU_ID,ENROLL_DATE,ENROLL_GRADE) values ('FA001','IS004',DATE '2021-10-04','B');
Insert into STUDENTEXCHANGE.ENROLL (MODULE_CODE,INSTU_ID,ENROLL_DATE,ENROLL_GRADE) values ('FA001','IS005',DATE '2021-10-08','A');
Insert into STUDENTEXCHANGE.ENROLL (MODULE_CODE,INSTU_ID,ENROLL_DATE,ENROLL_GRADE) values ('FA001','IS013',DATE '2021-10-10','A');
Insert into STUDENTEXCHANGE.ENROLL (MODULE_CODE,INSTU_ID,ENROLL_DATE,ENROLL_GRADE) values ('FA001','IS016',DATE '2021-10-06','A-');
Insert into STUDENTEXCHANGE.ENROLL (MODULE_CODE,INSTU_ID,ENROLL_DATE,ENROLL_GRADE) values ('FA001','IS017',DATE '2021-10-10','A');
Insert into STUDENTEXCHANGE.ENROLL (MODULE_CODE,INSTU_ID,ENROLL_DATE,ENROLL_GRADE) values ('FA001','IS018',DATE '2021-10-10','A');
Insert into STUDENTEXCHANGE.ENROLL (MODULE_CODE,INSTU_ID,ENROLL_DATE,ENROLL_GRADE) values ('FA002','IS002',DATE '2021-10-08','A');
Insert into STUDENTEXCHANGE.ENROLL (MODULE_CODE,INSTU_ID,ENROLL_DATE,ENROLL_GRADE) values ('FA002','IS004',DATE '2021-10-08','A+');
Insert into STUDENTEXCHANGE.ENROLL (MODULE_CODE,INSTU_ID,ENROLL_DATE,ENROLL_GRADE) values ('FA002','IS012',DATE '2021-10-09','A-');
Insert into STUDENTEXCHANGE.ENROLL (MODULE_CODE,INSTU_ID,ENROLL_DATE,ENROLL_GRADE) values ('FA002','IS014',DATE '2021-10-11','A');
Insert into STUDENTEXCHANGE.ENROLL (MODULE_CODE,INSTU_ID,ENROLL_DATE,ENROLL_GRADE) values ('FB001','IS003',DATE '2021-10-09','B');
Insert into STUDENTEXCHANGE.ENROLL (MODULE_CODE,INSTU_ID,ENROLL_DATE,ENROLL_GRADE) values ('FB001','IS006',DATE '2021-10-11','A');
Insert into STUDENTEXCHANGE.ENROLL (MODULE_CODE,INSTU_ID,ENROLL_DATE,ENROLL_GRADE) values ('FB001','IS007',DATE '2021-10-11','B+');
Insert into STUDENTEXCHANGE.ENROLL (MODULE_CODE,INSTU_ID,ENROLL_DATE,ENROLL_GRADE) values ('FB001','IS014',DATE '2021-10-11','A');
Insert into STUDENTEXCHANGE.ENROLL (MODULE_CODE,INSTU_ID,ENROLL_DATE,ENROLL_GRADE) values ('FB001','IS018',DATE '2021-10-10','A-');
Insert into STUDENTEXCHANGE.ENROLL (MODULE_CODE,INSTU_ID,ENROLL_DATE,ENROLL_GRADE) values ('FB001','IS020',DATE '2021-10-05','A');
Insert into STUDENTEXCHANGE.ENROLL (MODULE_CODE,INSTU_ID,ENROLL_DATE,ENROLL_GRADE) values ('FB002','IS004',DATE '2021-10-04','A');
Insert into STUDENTEXCHANGE.ENROLL (MODULE_CODE,INSTU_ID,ENROLL_DATE,ENROLL_GRADE) values ('FB002','IS007',DATE '2021-10-11','A-');
Insert into STUDENTEXCHANGE.ENROLL (MODULE_CODE,INSTU_ID,ENROLL_DATE,ENROLL_GRADE) values ('FB002','IS012',DATE '2021-10-10','A-');
Insert into STUDENTEXCHANGE.ENROLL (MODULE_CODE,INSTU_ID,ENROLL_DATE,ENROLL_GRADE) values ('FB002','IS015',DATE '2021-10-05','A');
Insert into STUDENTEXCHANGE.ENROLL (MODULE_CODE,INSTU_ID,ENROLL_DATE,ENROLL_GRADE) values ('FC001','IS006',DATE '2021-10-11','A-');
Insert into STUDENTEXCHANGE.ENROLL (MODULE_CODE,INSTU_ID,ENROLL_DATE,ENROLL_GRADE) values ('FC001','IS008',DATE '2021-10-06','A');
Insert into STUDENTEXCHANGE.ENROLL (MODULE_CODE,INSTU_ID,ENROLL_DATE,ENROLL_GRADE) values ('FC001','IS009',DATE '2021-10-07','A-');
Insert into STUDENTEXCHANGE.ENROLL (MODULE_CODE,INSTU_ID,ENROLL_DATE,ENROLL_GRADE) values ('FC001','IS015',DATE '2021-10-05','A');
Insert into STUDENTEXCHANGE.ENROLL (MODULE_CODE,INSTU_ID,ENROLL_DATE,ENROLL_GRADE) values ('FC001','IS019',DATE '2021-10-07','A');
Insert into STUDENTEXCHANGE.ENROLL (MODULE_CODE,INSTU_ID,ENROLL_DATE,ENROLL_GRADE) values ('FC001','IS020',DATE '2021-10-05','A');
Insert into STUDENTEXCHANGE.ENROLL (MODULE_CODE,INSTU_ID,ENROLL_DATE,ENROLL_GRADE) values ('FC002','IS008',DATE '2021-10-06','A-');
Insert into STUDENTEXCHANGE.ENROLL (MODULE_CODE,INSTU_ID,ENROLL_DATE,ENROLL_GRADE) values ('FC002','IS010',DATE '2021-10-07','A');
Insert into STUDENTEXCHANGE.ENROLL (MODULE_CODE,INSTU_ID,ENROLL_DATE,ENROLL_GRADE) values ('FC002','IS016',DATE '2021-10-06','A-');
Insert into STUDENTEXCHANGE.ENROLL (MODULE_CODE,INSTU_ID,ENROLL_DATE,ENROLL_GRADE) values ('FL001','IS001',DATE '2021-10-05','A');
Insert into STUDENTEXCHANGE.ENROLL (MODULE_CODE,INSTU_ID,ENROLL_DATE,ENROLL_GRADE) values ('FL001','IS002',DATE '2021-10-08','B+');
Insert into STUDENTEXCHANGE.ENROLL (MODULE_CODE,INSTU_ID,ENROLL_DATE,ENROLL_GRADE) values ('FL001','IS004',DATE '2021-10-08','A');
Insert into STUDENTEXCHANGE.ENROLL (MODULE_CODE,INSTU_ID,ENROLL_DATE,ENROLL_GRADE) values ('FL001','IS012',DATE '2021-10-10','B+');
Insert into STUDENTEXCHANGE.ENROLL (MODULE_CODE,INSTU_ID,ENROLL_DATE,ENROLL_GRADE) values ('FL001','IS016',DATE '2021-10-06','A');
Insert into STUDENTEXCHANGE.ENROLL (MODULE_CODE,INSTU_ID,ENROLL_DATE,ENROLL_GRADE) values ('FL002','IS011',DATE '2021-10-08','A');
Insert into STUDENTEXCHANGE.ENROLL (MODULE_CODE,INSTU_ID,ENROLL_DATE,ENROLL_GRADE) values ('FL002','IS012',DATE '2021-10-09','A');
Insert into STUDENTEXCHANGE.ENROLL (MODULE_CODE,INSTU_ID,ENROLL_DATE,ENROLL_GRADE) values ('FL002','IS018',DATE '2021-10-10','A+');
Insert into STUDENTEXCHANGE.ENROLL (MODULE_CODE,INSTU_ID,ENROLL_DATE,ENROLL_GRADE) values ('FM001','IS004',DATE '2021-10-04','A');
Insert into STUDENTEXCHANGE.ENROLL (MODULE_CODE,INSTU_ID,ENROLL_DATE,ENROLL_GRADE) values ('FM001','IS009',DATE '2021-10-07','A');
Insert into STUDENTEXCHANGE.ENROLL (MODULE_CODE,INSTU_ID,ENROLL_DATE,ENROLL_GRADE) values ('FM001','IS012',DATE '2021-10-09','A');
Insert into STUDENTEXCHANGE.ENROLL (MODULE_CODE,INSTU_ID,ENROLL_DATE,ENROLL_GRADE) values ('FM001','IS017',DATE '2021-10-10','A');
Insert into STUDENTEXCHANGE.ENROLL (MODULE_CODE,INSTU_ID,ENROLL_DATE,ENROLL_GRADE) values ('FM001','IS020',DATE '2021-10-05','A-');
Insert into STUDENTEXCHANGE.ENROLL (MODULE_CODE,INSTU_ID,ENROLL_DATE,ENROLL_GRADE) values ('FM002','IS004',DATE '2021-10-08','A');
Insert into STUDENTEXCHANGE.ENROLL (MODULE_CODE,INSTU_ID,ENROLL_DATE,ENROLL_GRADE) values ('FM002','IS006',DATE '2021-10-11','A-');
Insert into STUDENTEXCHANGE.ENROLL (MODULE_CODE,INSTU_ID,ENROLL_DATE,ENROLL_GRADE) values ('FM002','IS011',DATE '2021-10-08','A');
Insert into STUDENTEXCHANGE.ENROLL (MODULE_CODE,INSTU_ID,ENROLL_DATE,ENROLL_GRADE) values ('FS001','IS003',DATE '2021-10-09','A');
Insert into STUDENTEXCHANGE.ENROLL (MODULE_CODE,INSTU_ID,ENROLL_DATE,ENROLL_GRADE) values ('FS001','IS010',DATE '2021-10-07','A');
Insert into STUDENTEXCHANGE.ENROLL (MODULE_CODE,INSTU_ID,ENROLL_DATE,ENROLL_GRADE) values ('FS001','IS012',DATE '2021-10-09','A');
Insert into STUDENTEXCHANGE.ENROLL (MODULE_CODE,INSTU_ID,ENROLL_DATE,ENROLL_GRADE) values ('FS001','IS014',DATE '2021-10-11','A-');
Insert into STUDENTEXCHANGE.ENROLL (MODULE_CODE,INSTU_ID,ENROLL_DATE,ENROLL_GRADE) values ('FS001','IS015',DATE '2021-10-05','A');
Insert into STUDENTEXCHANGE.ENROLL (MODULE_CODE,INSTU_ID,ENROLL_DATE,ENROLL_GRADE) values ('FS002','IS007',DATE '2021-10-11','A-');
Insert into STUDENTEXCHANGE.ENROLL (MODULE_CODE,INSTU_ID,ENROLL_DATE,ENROLL_GRADE) values ('FS002','IS011',DATE '2021-10-08','A');
Insert into STUDENTEXCHANGE.ENROLL (MODULE_CODE,INSTU_ID,ENROLL_DATE,ENROLL_GRADE) values ('FS002','IS017',DATE '2021-10-10','A');
Insert into STUDENTEXCHANGE.ENROLL (MODULE_CODE,INSTU_ID,ENROLL_DATE,ENROLL_GRADE) values ('FS002','IS019',DATE '2021-10-07','A');


